,IV,categoryOrValue,Count
0,https://data.cooperationdatabank.org/vocab/prop/academicDiscipline,https://data.cooperationdatabank.org/id/academicdiscipline/economics,5
1,https://data.cooperationdatabank.org/vocab/prop/academicDiscipline,https://data.cooperationdatabank.org/id/academicdiscipline/others,7
2,https://data.cooperationdatabank.org/vocab/prop/academicDiscipline,https://data.cooperationdatabank.org/id/academicdiscipline/psychology,2
3,https://data.cooperationdatabank.org/vocab/prop/academicGrade,4,2
4,https://data.cooperationdatabank.org/vocab/prop/academicGrade,6,2
5,https://data.cooperationdatabank.org/vocab/prop/academicGrade,8,2
6,https://data.cooperationdatabank.org/vocab/prop/academicGradeLevel,https://data.cooperationdatabank.org/id/academicgradelevel/junior,3
7,https://data.cooperationdatabank.org/vocab/prop/academicGradeLevel,https://data.cooperationdatabank.org/id/academicgradelevel/middle,2
8,https://data.cooperationdatabank.org/vocab/prop/academicGradeLevel,https://data.cooperationdatabank.org/id/academicgradelevel/senior,3
9,https://data.cooperationdatabank.org/vocab/prop/ageCohort,https://data.cooperationdatabank.org/id/agecohort/middle,4
10,https://data.cooperationdatabank.org/vocab/prop/ageCohort,https://data.cooperationdatabank.org/id/agecohort/old,10
11,https://data.cooperationdatabank.org/vocab/prop/ageCohort,https://data.cooperationdatabank.org/id/agecohort/young,10
12,https://data.cooperationdatabank.org/vocab/prop/anchor,https://data.cooperationdatabank.org/id/anchor/absent,6
13,https://data.cooperationdatabank.org/vocab/prop/anchor,https://data.cooperationdatabank.org/id/anchor/high_cooperation,6
14,https://data.cooperationdatabank.org/vocab/prop/anchor,https://data.cooperationdatabank.org/id/anchor/low_cooperation,6
15,https://data.cooperationdatabank.org/vocab/prop/anonymityManipul,https://data.cooperationdatabank.org/id/anonymitymanipul/high,53
16,https://data.cooperationdatabank.org/vocab/prop/anonymityManipul,https://data.cooperationdatabank.org/id/anonymitymanipul/low,52
17,https://data.cooperationdatabank.org/vocab/prop/anonymityManipul,https://data.cooperationdatabank.org/id/anonymitymanipul/medium,19
18,https://data.cooperationdatabank.org/vocab/prop/blockOfCooperation,1,29
19,https://data.cooperationdatabank.org/vocab/prop/blockOfCooperation,2,29
20,https://data.cooperationdatabank.org/vocab/prop/blockOfCooperation,3,12
21,https://data.cooperationdatabank.org/vocab/prop/cognitiveLoadTreatment,0,5
22,https://data.cooperationdatabank.org/vocab/prop/cognitiveLoadTreatment,1,5
23,https://data.cooperationdatabank.org/vocab/prop/communicationContent,https://data.cooperationdatabank.org/id/communicationcontent/irrelevant,4
24,https://data.cooperationdatabank.org/vocab/prop/communicationContent,https://data.cooperationdatabank.org/id/communicationcontent/other,4
25,https://data.cooperationdatabank.org/vocab/prop/communicationContent,https://data.cooperationdatabank.org/id/communicationcontent/promise,13
26,https://data.cooperationdatabank.org/vocab/prop/communicationContent,https://data.cooperationdatabank.org/id/communicationcontent/request,1
27,https://data.cooperationdatabank.org/vocab/prop/communicationContent,https://data.cooperationdatabank.org/id/communicationcontent/threat,10
28,https://data.cooperationdatabank.org/vocab/prop/communicationOccurrence,https://data.cooperationdatabank.org/id/communicationoccurrence/one-shot,4
29,https://data.cooperationdatabank.org/vocab/prop/communicationOccurrence,https://data.cooperationdatabank.org/id/communicationoccurrence/ongoing,4
30,https://data.cooperationdatabank.org/vocab/prop/communicationOptional,0,2
31,https://data.cooperationdatabank.org/vocab/prop/communicationOptional,1,2
32,https://data.cooperationdatabank.org/vocab/prop/communicationReal,0,1
33,https://data.cooperationdatabank.org/vocab/prop/communicationReal,1,1
34,https://data.cooperationdatabank.org/vocab/prop/communicationTreatment,0,165
35,https://data.cooperationdatabank.org/vocab/prop/communicationTreatment,1,165
36,https://data.cooperationdatabank.org/vocab/prop/communicationType,https://data.cooperationdatabank.org/id/communicationtype/nonverbal,3
37,https://data.cooperationdatabank.org/vocab/prop/communicationType,https://data.cooperationdatabank.org/id/communicationtype/verbal,7
38,https://data.cooperationdatabank.org/vocab/prop/communicationType,https://data.cooperationdatabank.org/id/communicationtype/written,4
39,https://data.cooperationdatabank.org/vocab/prop/conflictIndexLevel,https://data.cooperationdatabank.org/id/conflictindexlevel/high,94
40,https://data.cooperationdatabank.org/vocab/prop/conflictIndexLevel,https://data.cooperationdatabank.org/id/conflictindexlevel/low,110
41,https://data.cooperationdatabank.org/vocab/prop/conflictIndexLevel,https://data.cooperationdatabank.org/id/conflictindexlevel/medium,86
42,https://data.cooperationdatabank.org/vocab/prop/conflictIndexValue,-0.28,1
43,https://data.cooperationdatabank.org/vocab/prop/conflictIndexValue,-13.0,6
44,https://data.cooperationdatabank.org/vocab/prop/conflictIndexValue,0.0,6
45,https://data.cooperationdatabank.org/vocab/prop/conflictIndexValue,0.025,32
46,https://data.cooperationdatabank.org/vocab/prop/conflictIndexValue,0.09,3
47,https://data.cooperationdatabank.org/vocab/prop/conflictIndexValue,0.097,1
48,https://data.cooperationdatabank.org/vocab/prop/conflictIndexValue,0.1,18
49,https://data.cooperationdatabank.org/vocab/prop/conflictIndexValue,0.125,20
50,https://data.cooperationdatabank.org/vocab/prop/conflictIndexValue,0.143,6
51,https://data.cooperationdatabank.org/vocab/prop/conflictIndexValue,0.15,8
52,https://data.cooperationdatabank.org/vocab/prop/conflictIndexValue,0.16,5
53,https://data.cooperationdatabank.org/vocab/prop/conflictIndexValue,0.18,1
54,https://data.cooperationdatabank.org/vocab/prop/conflictIndexValue,0.2,2
55,https://data.cooperationdatabank.org/vocab/prop/conflictIndexValue,0.225,11
56,https://data.cooperationdatabank.org/vocab/prop/conflictIndexValue,0.23,1
57,https://data.cooperationdatabank.org/vocab/prop/conflictIndexValue,0.25,21
58,https://data.cooperationdatabank.org/vocab/prop/conflictIndexValue,0.286,1
59,https://data.cooperationdatabank.org/vocab/prop/conflictIndexValue,0.3,5
60,https://data.cooperationdatabank.org/vocab/prop/conflictIndexValue,0.325,6
61,https://data.cooperationdatabank.org/vocab/prop/conflictIndexValue,0.33,11
62,https://data.cooperationdatabank.org/vocab/prop/conflictIndexValue,0.333,3
63,https://data.cooperationdatabank.org/vocab/prop/conflictIndexValue,0.364,1
64,https://data.cooperationdatabank.org/vocab/prop/conflictIndexValue,0.375,20
65,https://data.cooperationdatabank.org/vocab/prop/conflictIndexValue,0.39,1
66,https://data.cooperationdatabank.org/vocab/prop/conflictIndexValue,0.4,8
67,https://data.cooperationdatabank.org/vocab/prop/conflictIndexValue,0.42,2
68,https://data.cooperationdatabank.org/vocab/prop/conflictIndexValue,0.444,1
69,https://data.cooperationdatabank.org/vocab/prop/conflictIndexValue,0.47,11
70,https://data.cooperationdatabank.org/vocab/prop/conflictIndexValue,0.5,25
71,https://data.cooperationdatabank.org/vocab/prop/conflictIndexValue,0.6,29
72,https://data.cooperationdatabank.org/vocab/prop/conflictIndexValue,0.66,3
73,https://data.cooperationdatabank.org/vocab/prop/conflictIndexValue,0.667,1
74,https://data.cooperationdatabank.org/vocab/prop/conflictIndexValue,0.7,2
75,https://data.cooperationdatabank.org/vocab/prop/conflictIndexValue,0.75,6
76,https://data.cooperationdatabank.org/vocab/prop/conflictIndexValue,0.77,2
77,https://data.cooperationdatabank.org/vocab/prop/conflictIndexValue,0.8,1
78,https://data.cooperationdatabank.org/vocab/prop/conflictIndexValue,0.81,6
79,https://data.cooperationdatabank.org/vocab/prop/conflictIndexValue,0.833,1
80,https://data.cooperationdatabank.org/vocab/prop/conflictIndexValue,0.9,5
81,https://data.cooperationdatabank.org/vocab/prop/conflictIndexValue,1.0,6
82,https://data.cooperationdatabank.org/vocab/prop/conflictIndexValue,1.5,9
83,https://data.cooperationdatabank.org/vocab/prop/conflictIndexValue,2.0,10
84,https://data.cooperationdatabank.org/vocab/prop/conflictIndexValue,2.5,9
85,https://data.cooperationdatabank.org/vocab/prop/conflictIndexValue,22.0,8
86,https://data.cooperationdatabank.org/vocab/prop/conflictIndexValue,3.0,1
87,https://data.cooperationdatabank.org/vocab/prop/conflictIndexValue,4.0,13
88,https://data.cooperationdatabank.org/vocab/prop/conflictIndexValue,40.0,6
89,https://data.cooperationdatabank.org/vocab/prop/conflictIndexValue,5.0,6
90,https://data.cooperationdatabank.org/vocab/prop/conflictIndexValue,58.0,6
91,https://data.cooperationdatabank.org/vocab/prop/contextFrame,https://data.cooperationdatabank.org/id/contextframe/competitive,58
92,https://data.cooperationdatabank.org/vocab/prop/contextFrame,https://data.cooperationdatabank.org/id/contextframe/cooperative,71
93,https://data.cooperationdatabank.org/vocab/prop/contextFrame,https://data.cooperationdatabank.org/id/contextframe/generic,42
94,https://data.cooperationdatabank.org/vocab/prop/contextFrame,https://data.cooperationdatabank.org/id/contextframe/moral,3
95,https://data.cooperationdatabank.org/vocab/prop/continuationProbability,0.5,1
96,https://data.cooperationdatabank.org/vocab/prop/continuationProbability,0.75,1
97,https://data.cooperationdatabank.org/vocab/prop/continuationProbability,0.8,1
98,https://data.cooperationdatabank.org/vocab/prop/continuationProbability,1.0,1
99,https://data.cooperationdatabank.org/vocab/prop/costlyMonitoring,0,7
100,https://data.cooperationdatabank.org/vocab/prop/costlyMonitoring,1,7
101,https://data.cooperationdatabank.org/vocab/prop/criticalityLevel,https://data.cooperationdatabank.org/id/criticalitylevel/high,6
102,https://data.cooperationdatabank.org/vocab/prop/criticalityLevel,https://data.cooperationdatabank.org/id/criticalitylevel/low,6
103,https://data.cooperationdatabank.org/vocab/prop/decisionMaker,https://data.cooperationdatabank.org/id/decisionmaker/group,3
104,https://data.cooperationdatabank.org/vocab/prop/decisionMaker,https://data.cooperationdatabank.org/id/decisionmaker/individual,3
105,https://data.cooperationdatabank.org/vocab/prop/decisionMakerUnitSize,3,3
106,https://data.cooperationdatabank.org/vocab/prop/decisionMakerUnitSize,4,3
107,https://data.cooperationdatabank.org/vocab/prop/decisionMakerUnitSize,6,3
108,https://data.cooperationdatabank.org/vocab/prop/decisionMakerUnitSize,8,3
109,https://data.cooperationdatabank.org/vocab/prop/descriptiveNorm,https://data.cooperationdatabank.org/id/descriptivenorm/high_cooperation,7
110,https://data.cooperationdatabank.org/vocab/prop/descriptiveNorm,https://data.cooperationdatabank.org/id/descriptivenorm/low_cooperation,7
111,https://data.cooperationdatabank.org/vocab/prop/descriptiveNorm,https://data.cooperationdatabank.org/id/descriptivenorm/medium_cooperation,7
112,https://data.cooperationdatabank.org/vocab/prop/descriptiveNorm,https://data.cooperationdatabank.org/id/descriptivenorm/no_information,3
113,https://data.cooperationdatabank.org/vocab/prop/emotion,https://data.cooperationdatabank.org/id/emotion/anger,9
114,https://data.cooperationdatabank.org/vocab/prop/emotion,https://data.cooperationdatabank.org/id/emotion/disappointment,2
115,https://data.cooperationdatabank.org/vocab/prop/emotion,https://data.cooperationdatabank.org/id/emotion/disgust,6
116,https://data.cooperationdatabank.org/vocab/prop/emotion,https://data.cooperationdatabank.org/id/emotion/fear,1
117,https://data.cooperationdatabank.org/vocab/prop/emotion,https://data.cooperationdatabank.org/id/emotion/guilt,2
118,https://data.cooperationdatabank.org/vocab/prop/emotion,https://data.cooperationdatabank.org/id/emotion/happiness,6
119,https://data.cooperationdatabank.org/vocab/prop/emotion,https://data.cooperationdatabank.org/id/emotion/neutral,20
120,https://data.cooperationdatabank.org/vocab/prop/emotion,https://data.cooperationdatabank.org/id/emotion/regret,2
121,https://data.cooperationdatabank.org/vocab/prop/emotion,https://data.cooperationdatabank.org/id/emotion/sadness,10
122,https://data.cooperationdatabank.org/vocab/prop/emotion,https://data.cooperationdatabank.org/id/emotion/shame,4
123,https://data.cooperationdatabank.org/vocab/prop/emotionIntensity,https://data.cooperationdatabank.org/id/emotionintensity/high,4
124,https://data.cooperationdatabank.org/vocab/prop/emotionIntensity,https://data.cooperationdatabank.org/id/emotionintensity/low,4
125,https://data.cooperationdatabank.org/vocab/prop/emotionValence,https://data.cooperationdatabank.org/id/emotionvalence/negative,2
126,https://data.cooperationdatabank.org/vocab/prop/emotionValence,https://data.cooperationdatabank.org/id/emotionvalence/neutral,2
127,https://data.cooperationdatabank.org/vocab/prop/emotionValence,https://data.cooperationdatabank.org/id/emotionvalence/positive,2
128,https://data.cooperationdatabank.org/vocab/prop/endogenousMotivationalOrientation,https://data.cooperationdatabank.org/id/endogenousmotivationalorientation/competitive,1
129,https://data.cooperationdatabank.org/vocab/prop/endogenousMotivationalOrientation,https://data.cooperationdatabank.org/id/endogenousmotivationalorientation/cooperative,2
130,https://data.cooperationdatabank.org/vocab/prop/endogenousMotivationalOrientation,https://data.cooperationdatabank.org/id/endogenousmotivationalorientation/individualistic,1
131,https://data.cooperationdatabank.org/vocab/prop/endowmentAssigned,0,7
132,https://data.cooperationdatabank.org/vocab/prop/endowmentAssigned,1,7
133,https://data.cooperationdatabank.org/vocab/prop/endowmentLevel,https://data.cooperationdatabank.org/id/endowmentlevel/high,1
134,https://data.cooperationdatabank.org/vocab/prop/endowmentLevel,https://data.cooperationdatabank.org/id/endowmentlevel/low,1
135,https://data.cooperationdatabank.org/vocab/prop/endowmentSize,10,14
136,https://data.cooperationdatabank.org/vocab/prop/endowmentSize,100,9
137,https://data.cooperationdatabank.org/vocab/prop/endowmentSize,110,1
138,https://data.cooperationdatabank.org/vocab/prop/endowmentSize,12,8
139,https://data.cooperationdatabank.org/vocab/prop/endowmentSize,120,17
140,https://data.cooperationdatabank.org/vocab/prop/endowmentSize,1200,2
141,https://data.cooperationdatabank.org/vocab/prop/endowmentSize,128,2
142,https://data.cooperationdatabank.org/vocab/prop/endowmentSize,130,1
143,https://data.cooperationdatabank.org/vocab/prop/endowmentSize,14,3
144,https://data.cooperationdatabank.org/vocab/prop/endowmentSize,15,9
145,https://data.cooperationdatabank.org/vocab/prop/endowmentSize,150,2
146,https://data.cooperationdatabank.org/vocab/prop/endowmentSize,15000,3
147,https://data.cooperationdatabank.org/vocab/prop/endowmentSize,16,3
148,https://data.cooperationdatabank.org/vocab/prop/endowmentSize,160,15
149,https://data.cooperationdatabank.org/vocab/prop/endowmentSize,18,6
150,https://data.cooperationdatabank.org/vocab/prop/endowmentSize,180,1
151,https://data.cooperationdatabank.org/vocab/prop/endowmentSize,20,23
152,https://data.cooperationdatabank.org/vocab/prop/endowmentSize,200,15
153,https://data.cooperationdatabank.org/vocab/prop/endowmentSize,2000,2
154,https://data.cooperationdatabank.org/vocab/prop/endowmentSize,21,1
155,https://data.cooperationdatabank.org/vocab/prop/endowmentSize,220,1
156,https://data.cooperationdatabank.org/vocab/prop/endowmentSize,23,1
157,https://data.cooperationdatabank.org/vocab/prop/endowmentSize,24,1
158,https://data.cooperationdatabank.org/vocab/prop/endowmentSize,240,15
159,https://data.cooperationdatabank.org/vocab/prop/endowmentSize,25,11
160,https://data.cooperationdatabank.org/vocab/prop/endowmentSize,250,3
161,https://data.cooperationdatabank.org/vocab/prop/endowmentSize,2800,2
162,https://data.cooperationdatabank.org/vocab/prop/endowmentSize,3,6
163,https://data.cooperationdatabank.org/vocab/prop/endowmentSize,30,15
164,https://data.cooperationdatabank.org/vocab/prop/endowmentSize,32,4
165,https://data.cooperationdatabank.org/vocab/prop/endowmentSize,320,1
166,https://data.cooperationdatabank.org/vocab/prop/endowmentSize,35,1
167,https://data.cooperationdatabank.org/vocab/prop/endowmentSize,4,7
168,https://data.cooperationdatabank.org/vocab/prop/endowmentSize,40,12
169,https://data.cooperationdatabank.org/vocab/prop/endowmentSize,400,3
170,https://data.cooperationdatabank.org/vocab/prop/endowmentSize,42,1
171,https://data.cooperationdatabank.org/vocab/prop/endowmentSize,5,6
172,https://data.cooperationdatabank.org/vocab/prop/endowmentSize,50,17
173,https://data.cooperationdatabank.org/vocab/prop/endowmentSize,55,4
174,https://data.cooperationdatabank.org/vocab/prop/endowmentSize,6,9
175,https://data.cooperationdatabank.org/vocab/prop/endowmentSize,60,6
176,https://data.cooperationdatabank.org/vocab/prop/endowmentSize,7,6
177,https://data.cooperationdatabank.org/vocab/prop/endowmentSize,70,4
178,https://data.cooperationdatabank.org/vocab/prop/endowmentSize,75,2
179,https://data.cooperationdatabank.org/vocab/prop/endowmentSize,7500,3
180,https://data.cooperationdatabank.org/vocab/prop/endowmentSize,8,12
181,https://data.cooperationdatabank.org/vocab/prop/endowmentSize,80,11
182,https://data.cooperationdatabank.org/vocab/prop/endowmentSize,90,2
183,https://data.cooperationdatabank.org/vocab/prop/endowmentSymmetric,0,20
184,https://data.cooperationdatabank.org/vocab/prop/endowmentSymmetric,1,20
185,https://data.cooperationdatabank.org/vocab/prop/entitativityLevel,https://data.cooperationdatabank.org/id/entitativitylevel/high,1
186,https://data.cooperationdatabank.org/vocab/prop/entitativityLevel,https://data.cooperationdatabank.org/id/entitativitylevel/low,1
187,https://data.cooperationdatabank.org/vocab/prop/ethnicityUS,https://data.cooperationdatabank.org/id/ethnicityus/asian,1
188,https://data.cooperationdatabank.org/vocab/prop/ethnicityUS,https://data.cooperationdatabank.org/id/ethnicityus/black_or_african_american,11
189,https://data.cooperationdatabank.org/vocab/prop/ethnicityUS,https://data.cooperationdatabank.org/id/ethnicityus/other,2
190,https://data.cooperationdatabank.org/vocab/prop/ethnicityUS,https://data.cooperationdatabank.org/id/ethnicityus/white,14
191,https://data.cooperationdatabank.org/vocab/prop/exitOption,0,2
192,https://data.cooperationdatabank.org/vocab/prop/exitOption,1,2
193,https://data.cooperationdatabank.org/vocab/prop/expectationsLevel,https://data.cooperationdatabank.org/id/expectationslevel/high,19
194,https://data.cooperationdatabank.org/vocab/prop/expectationsLevel,https://data.cooperationdatabank.org/id/expectationslevel/low,19
195,https://data.cooperationdatabank.org/vocab/prop/experimentalSetting,https://data.cooperationdatabank.org/id/experimentalsetting/field,2
196,https://data.cooperationdatabank.org/vocab/prop/experimentalSetting,https://data.cooperationdatabank.org/id/experimentalsetting/lab,6
197,https://data.cooperationdatabank.org/vocab/prop/experimentalSetting,https://data.cooperationdatabank.org/id/experimentalsetting/lab_in_the_field,3
198,https://data.cooperationdatabank.org/vocab/prop/experimentalSetting,https://data.cooperationdatabank.org/id/experimentalsetting/online,3
199,https://data.cooperationdatabank.org/vocab/prop/feedbackContent,https://data.cooperationdatabank.org/id/feedbackcontent/choice,18
200,https://data.cooperationdatabank.org/vocab/prop/feedbackContent,https://data.cooperationdatabank.org/id/feedbackcontent/earnings,4
201,https://data.cooperationdatabank.org/vocab/prop/feedbackContent,https://data.cooperationdatabank.org/id/feedbackcontent/failure,4
202,https://data.cooperationdatabank.org/vocab/prop/feedbackContent,https://data.cooperationdatabank.org/id/feedbackcontent/others,8
203,https://data.cooperationdatabank.org/vocab/prop/feedbackContent,https://data.cooperationdatabank.org/id/feedbackcontent/rank,6
204,https://data.cooperationdatabank.org/vocab/prop/feedbackContent,https://data.cooperationdatabank.org/id/feedbackcontent/success,4
205,https://data.cooperationdatabank.org/vocab/prop/feedbackTarget,https://data.cooperationdatabank.org/id/feedbacktarget/absent,58
206,https://data.cooperationdatabank.org/vocab/prop/feedbackTarget,https://data.cooperationdatabank.org/id/feedbacktarget/group,24
207,https://data.cooperationdatabank.org/vocab/prop/feedbackTarget,https://data.cooperationdatabank.org/id/feedbacktarget/individual,63
208,https://data.cooperationdatabank.org/vocab/prop/feedbackTarget,https://data.cooperationdatabank.org/id/feedbacktarget/network,5
209,https://data.cooperationdatabank.org/vocab/prop/feedbackTarget,https://data.cooperationdatabank.org/id/feedbacktarget/other,26
210,https://data.cooperationdatabank.org/vocab/prop/focalAgentPunished,0,2
211,https://data.cooperationdatabank.org/vocab/prop/focalAgentPunished,1,2
212,https://data.cooperationdatabank.org/vocab/prop/focalPointFrame,0,10
213,https://data.cooperationdatabank.org/vocab/prop/focalPointFrame,1,10
214,https://data.cooperationdatabank.org/vocab/prop/gainLossFrame,https://data.cooperationdatabank.org/id/gainlossframe/gain,14
215,https://data.cooperationdatabank.org/vocab/prop/gainLossFrame,https://data.cooperationdatabank.org/id/gainlossframe/loss,14
216,https://data.cooperationdatabank.org/vocab/prop/gameComprehensionLevel,https://data.cooperationdatabank.org/id/gamecomprehensionlevel/high,1
217,https://data.cooperationdatabank.org/vocab/prop/gameComprehensionLevel,https://data.cooperationdatabank.org/id/gamecomprehensionlevel/low,1
218,https://data.cooperationdatabank.org/vocab/prop/gameIncentive,https://data.cooperationdatabank.org/id/gameincentive/hypothetical,32
219,https://data.cooperationdatabank.org/vocab/prop/gameIncentive,https://data.cooperationdatabank.org/id/gameincentive/monetary,38
220,https://data.cooperationdatabank.org/vocab/prop/gameIncentive,https://data.cooperationdatabank.org/id/gameincentive/non-monetary_material,10
221,https://data.cooperationdatabank.org/vocab/prop/gameType,https://data.cooperationdatabank.org/id/gametype/continuous_public_goods_game,2
222,https://data.cooperationdatabank.org/vocab/prop/gameType,https://data.cooperationdatabank.org/id/gametype/dictator_game,1
223,https://data.cooperationdatabank.org/vocab/prop/gameType,https://data.cooperationdatabank.org/id/gametype/other_game,18
224,https://data.cooperationdatabank.org/vocab/prop/gameType,https://data.cooperationdatabank.org/id/gametype/prisoner's_dilemma_game,17
225,https://data.cooperationdatabank.org/vocab/prop/gameType,https://data.cooperationdatabank.org/id/gametype/resource_dilemma,2
226,https://data.cooperationdatabank.org/vocab/prop/gender,https://data.cooperationdatabank.org/id/gender/f,160
227,https://data.cooperationdatabank.org/vocab/prop/gender,https://data.cooperationdatabank.org/id/gender/m,160
228,https://data.cooperationdatabank.org/vocab/prop/genderOfPartner,https://data.cooperationdatabank.org/id/genderofpartner/f,11
229,https://data.cooperationdatabank.org/vocab/prop/genderOfPartner,https://data.cooperationdatabank.org/id/genderofpartner/m,11
230,https://data.cooperationdatabank.org/vocab/prop/giveTakeFrame,https://data.cooperationdatabank.org/id/givetakeframe/give-some,19
231,https://data.cooperationdatabank.org/vocab/prop/giveTakeFrame,https://data.cooperationdatabank.org/id/givetakeframe/take-some,19
232,https://data.cooperationdatabank.org/vocab/prop/gossip,https://data.cooperationdatabank.org/id/gossip/absent,7
233,https://data.cooperationdatabank.org/vocab/prop/gossip,https://data.cooperationdatabank.org/id/gossip/present,7
234,https://data.cooperationdatabank.org/vocab/prop/groupSize,10,3
235,https://data.cooperationdatabank.org/vocab/prop/groupSize,100,2
236,https://data.cooperationdatabank.org/vocab/prop/groupSize,101,7
237,https://data.cooperationdatabank.org/vocab/prop/groupSize,11,1
238,https://data.cooperationdatabank.org/vocab/prop/groupSize,12,3
239,https://data.cooperationdatabank.org/vocab/prop/groupSize,15,12
240,https://data.cooperationdatabank.org/vocab/prop/groupSize,2,36
241,https://data.cooperationdatabank.org/vocab/prop/groupSize,21,7
242,https://data.cooperationdatabank.org/vocab/prop/groupSize,24,2
243,https://data.cooperationdatabank.org/vocab/prop/groupSize,28,1
244,https://data.cooperationdatabank.org/vocab/prop/groupSize,3,56
245,https://data.cooperationdatabank.org/vocab/prop/groupSize,4,38
246,https://data.cooperationdatabank.org/vocab/prop/groupSize,40,3
247,https://data.cooperationdatabank.org/vocab/prop/groupSize,5,37
248,https://data.cooperationdatabank.org/vocab/prop/groupSize,51,7
249,https://data.cooperationdatabank.org/vocab/prop/groupSize,6,34
250,https://data.cooperationdatabank.org/vocab/prop/groupSize,7,25
251,https://data.cooperationdatabank.org/vocab/prop/groupSize,8,12
252,https://data.cooperationdatabank.org/vocab/prop/groupSize,80,1
253,https://data.cooperationdatabank.org/vocab/prop/groupSize,9,7
254,https://data.cooperationdatabank.org/vocab/prop/groupSizeLevel,https://data.cooperationdatabank.org/id/groupsizelevel/high,1
255,https://data.cooperationdatabank.org/vocab/prop/groupSizeLevel,https://data.cooperationdatabank.org/id/groupsizelevel/low,1
256,https://data.cooperationdatabank.org/vocab/prop/groupVariability,https://data.cooperationdatabank.org/id/groupvariability/high,3
257,https://data.cooperationdatabank.org/vocab/prop/groupVariability,https://data.cooperationdatabank.org/id/groupvariability/low,3
258,https://data.cooperationdatabank.org/vocab/prop/heterogeneousEthnicity,0,6
259,https://data.cooperationdatabank.org/vocab/prop/heterogeneousEthnicity,1,6
260,https://data.cooperationdatabank.org/vocab/prop/heterogeneousGender,0,19
261,https://data.cooperationdatabank.org/vocab/prop/heterogeneousGender,1,19
262,https://data.cooperationdatabank.org/vocab/prop/hormoneLevel,https://data.cooperationdatabank.org/id/hormonelevel/high,2
263,https://data.cooperationdatabank.org/vocab/prop/hormoneLevel,https://data.cooperationdatabank.org/id/hormonelevel/low,2
264,https://data.cooperationdatabank.org/vocab/prop/hormoneLevel,https://data.cooperationdatabank.org/id/hormonelevel/medium,2
265,https://data.cooperationdatabank.org/vocab/prop/hormonesAdministration,https://data.cooperationdatabank.org/id/hormonesadministration/oxytocin,7
266,https://data.cooperationdatabank.org/vocab/prop/hormonesAdministration,https://data.cooperationdatabank.org/id/hormonesadministration/placebo,7
267,https://data.cooperationdatabank.org/vocab/prop/hormonesAdministration,https://data.cooperationdatabank.org/id/hormonesadministration/vasopressin,4
268,https://data.cooperationdatabank.org/vocab/prop/identificationLevel,https://data.cooperationdatabank.org/id/identificationlevel/high,4
269,https://data.cooperationdatabank.org/vocab/prop/identificationLevel,https://data.cooperationdatabank.org/id/identificationlevel/low,4
270,https://data.cooperationdatabank.org/vocab/prop/individualMPCR,15.0,1
271,https://data.cooperationdatabank.org/vocab/prop/individualMPCR,6.0,1
272,https://data.cooperationdatabank.org/vocab/prop/institutionalChoice,https://data.cooperationdatabank.org/id/institutionalchoice/endogenous,33
273,https://data.cooperationdatabank.org/vocab/prop/institutionalChoice,https://data.cooperationdatabank.org/id/institutionalchoice/exogenous,33
274,https://data.cooperationdatabank.org/vocab/prop/intergroupComp,https://data.cooperationdatabank.org/id/intergroupcomp/individual_group,54
275,https://data.cooperationdatabank.org/vocab/prop/intergroupComp,https://data.cooperationdatabank.org/id/intergroupcomp/intergroup_comparison,26
276,https://data.cooperationdatabank.org/vocab/prop/intergroupComp,https://data.cooperationdatabank.org/id/intergroupcomp/intergroup_competition,29
277,https://data.cooperationdatabank.org/vocab/prop/intergroupComp,https://data.cooperationdatabank.org/id/intergroupcomp/intergroup_conflict,1
278,https://data.cooperationdatabank.org/vocab/prop/intergroupComp,https://data.cooperationdatabank.org/id/intergroupcomp/intergroup_harmony,1
279,https://data.cooperationdatabank.org/vocab/prop/intergroupComp,https://data.cooperationdatabank.org/id/intergroupcomp/intergroup_prisoner's_dilemma,7
280,https://data.cooperationdatabank.org/vocab/prop/iteratedPreprogrammedCooperationRate,0.0,21
281,https://data.cooperationdatabank.org/vocab/prop/iteratedPreprogrammedCooperationRate,0.05,2
282,https://data.cooperationdatabank.org/vocab/prop/iteratedPreprogrammedCooperationRate,0.1,2
283,https://data.cooperationdatabank.org/vocab/prop/iteratedPreprogrammedCooperationRate,0.15,4
284,https://data.cooperationdatabank.org/vocab/prop/iteratedPreprogrammedCooperationRate,0.2,5
285,https://data.cooperationdatabank.org/vocab/prop/iteratedPreprogrammedCooperationRate,0.25,3
286,https://data.cooperationdatabank.org/vocab/prop/iteratedPreprogrammedCooperationRate,0.27,1
287,https://data.cooperationdatabank.org/vocab/prop/iteratedPreprogrammedCooperationRate,0.33,1
288,https://data.cooperationdatabank.org/vocab/prop/iteratedPreprogrammedCooperationRate,0.4,1
289,https://data.cooperationdatabank.org/vocab/prop/iteratedPreprogrammedCooperationRate,0.45,2
290,https://data.cooperationdatabank.org/vocab/prop/iteratedPreprogrammedCooperationRate,0.5,16
291,https://data.cooperationdatabank.org/vocab/prop/iteratedPreprogrammedCooperationRate,0.67,1
292,https://data.cooperationdatabank.org/vocab/prop/iteratedPreprogrammedCooperationRate,0.75,3
293,https://data.cooperationdatabank.org/vocab/prop/iteratedPreprogrammedCooperationRate,0.8,3
294,https://data.cooperationdatabank.org/vocab/prop/iteratedPreprogrammedCooperationRate,0.85,2
295,https://data.cooperationdatabank.org/vocab/prop/iteratedPreprogrammedCooperationRate,0.9,8
296,https://data.cooperationdatabank.org/vocab/prop/iteratedPreprogrammedCooperationRate,0.91,1
297,https://data.cooperationdatabank.org/vocab/prop/iteratedPreprogrammedCooperationRate,0.95,4
298,https://data.cooperationdatabank.org/vocab/prop/iteratedPreprogrammedCooperationRate,1.0,20
299,https://data.cooperationdatabank.org/vocab/prop/iteratedPreprogrammedCooperationRate,1.06,1
300,https://data.cooperationdatabank.org/vocab/prop/iteratedPreprogrammedCooperationRate,1.25,2
301,https://data.cooperationdatabank.org/vocab/prop/iteratedPreprogrammedCooperationRate,2.46,1
302,https://data.cooperationdatabank.org/vocab/prop/iteratedStrategy,https://data.cooperationdatabank.org/id/iteratedstrategy/extortionate_zero_determinant,5
303,https://data.cooperationdatabank.org/vocab/prop/iteratedStrategy,https://data.cooperationdatabank.org/id/iteratedstrategy/generous_zero_determinant,5
304,https://data.cooperationdatabank.org/vocab/prop/iteratedStrategy,https://data.cooperationdatabank.org/id/iteratedstrategy/other,31
305,https://data.cooperationdatabank.org/vocab/prop/iteratedStrategy,https://data.cooperationdatabank.org/id/iteratedstrategy/predominantly_competitive,25
306,https://data.cooperationdatabank.org/vocab/prop/iteratedStrategy,https://data.cooperationdatabank.org/id/iteratedstrategy/predominantly_cooperative,39
307,https://data.cooperationdatabank.org/vocab/prop/iteratedStrategy,https://data.cooperationdatabank.org/id/iteratedstrategy/preprogrammed_cooperation_rate,36
308,https://data.cooperationdatabank.org/vocab/prop/iteratedStrategy,https://data.cooperationdatabank.org/id/iteratedstrategy/real_partner,22
309,https://data.cooperationdatabank.org/vocab/prop/iteratedStrategy,https://data.cooperationdatabank.org/id/iteratedstrategy/tit-for-tat,58
310,https://data.cooperationdatabank.org/vocab/prop/iteratedStrategy,https://data.cooperationdatabank.org/id/iteratedstrategy/tit-for-tat+1,2
311,https://data.cooperationdatabank.org/vocab/prop/knowledgeOfExperimentalGames,0,2
312,https://data.cooperationdatabank.org/vocab/prop/knowledgeOfExperimentalGames,1,2
313,https://data.cooperationdatabank.org/vocab/prop/knowledgeOfMembership,https://data.cooperationdatabank.org/id/knowledgeofmembership/common,25
314,https://data.cooperationdatabank.org/vocab/prop/knowledgeOfMembership,https://data.cooperationdatabank.org/id/knowledgeofmembership/unilateral,22
315,https://data.cooperationdatabank.org/vocab/prop/knowledgeOfMembership,https://data.cooperationdatabank.org/id/knowledgeofmembership/unknown,9
316,https://data.cooperationdatabank.org/vocab/prop/knowledgeOfPartnerPriorBehavior,https://data.cooperationdatabank.org/id/knowledgeofpartnerpriorbehavior/absent,17
317,https://data.cooperationdatabank.org/vocab/prop/knowledgeOfPartnerPriorBehavior,https://data.cooperationdatabank.org/id/knowledgeofpartnerpriorbehavior/cooperative,21
318,https://data.cooperationdatabank.org/vocab/prop/knowledgeOfPartnerPriorBehavior,https://data.cooperationdatabank.org/id/knowledgeofpartnerpriorbehavior/noncooperative,22
319,https://data.cooperationdatabank.org/vocab/prop/knowledgeOfPartnerPriorBehavior,https://data.cooperationdatabank.org/id/knowledgeofpartnerpriorbehavior/present,4
320,https://data.cooperationdatabank.org/vocab/prop/knownEndGame,0,2
321,https://data.cooperationdatabank.org/vocab/prop/knownEndGame,1,2
322,https://data.cooperationdatabank.org/vocab/prop/leaderBehavior,https://data.cooperationdatabank.org/id/leaderbehavior/cooperative,6
323,https://data.cooperationdatabank.org/vocab/prop/leaderBehavior,https://data.cooperationdatabank.org/id/leaderbehavior/noncooperative,6
324,https://data.cooperationdatabank.org/vocab/prop/leaderCharacteristic,https://data.cooperationdatabank.org/id/leadercharacteristic/female,5
325,https://data.cooperationdatabank.org/vocab/prop/leaderCharacteristic,https://data.cooperationdatabank.org/id/leadercharacteristic/ingroup,2
326,https://data.cooperationdatabank.org/vocab/prop/leaderCharacteristic,https://data.cooperationdatabank.org/id/leadercharacteristic/male,5
327,https://data.cooperationdatabank.org/vocab/prop/leaderCharacteristic,https://data.cooperationdatabank.org/id/leadercharacteristic/negative_emotion,1
328,https://data.cooperationdatabank.org/vocab/prop/leaderCharacteristic,https://data.cooperationdatabank.org/id/leadercharacteristic/outgroup,2
329,https://data.cooperationdatabank.org/vocab/prop/leaderCharacteristic,https://data.cooperationdatabank.org/id/leadercharacteristic/positive_emotion,1
330,https://data.cooperationdatabank.org/vocab/prop/leaderCharacteristic,https://data.cooperationdatabank.org/id/leadercharacteristic/strong,3
331,https://data.cooperationdatabank.org/vocab/prop/leaderCharacteristic,https://data.cooperationdatabank.org/id/leadercharacteristic/weak,3
332,https://data.cooperationdatabank.org/vocab/prop/leadership,0,20
333,https://data.cooperationdatabank.org/vocab/prop/leadership,1,20
334,https://data.cooperationdatabank.org/vocab/prop/leadershipAssignmentRule,https://data.cooperationdatabank.org/id/leadershipassignmentrule/authority,2
335,https://data.cooperationdatabank.org/vocab/prop/leadershipAssignmentRule,https://data.cooperationdatabank.org/id/leadershipassignmentrule/elected,2
336,https://data.cooperationdatabank.org/vocab/prop/leadershipAssignmentRule,https://data.cooperationdatabank.org/id/leadershipassignmentrule/fixed,4
337,https://data.cooperationdatabank.org/vocab/prop/leadershipAssignmentRule,https://data.cooperationdatabank.org/id/leadershipassignmentrule/random_appointment,7
338,https://data.cooperationdatabank.org/vocab/prop/leadershipAssignmentRule,https://data.cooperationdatabank.org/id/leadershipassignmentrule/rotating,1
339,https://data.cooperationdatabank.org/vocab/prop/leadershipAssignmentRule,https://data.cooperationdatabank.org/id/leadershipassignmentrule/volunteer,2
340,https://data.cooperationdatabank.org/vocab/prop/leadershipEndogenous,https://data.cooperationdatabank.org/id/leadershipendogenous/endogenous,5
341,https://data.cooperationdatabank.org/vocab/prop/leadershipEndogenous,https://data.cooperationdatabank.org/id/leadershipendogenous/exogenous,5
342,https://data.cooperationdatabank.org/vocab/prop/leadershipRole,https://data.cooperationdatabank.org/id/leadershiprole/follower,8
343,https://data.cooperationdatabank.org/vocab/prop/leadershipRole,https://data.cooperationdatabank.org/id/leadershiprole/leader,8
344,https://data.cooperationdatabank.org/vocab/prop/mPCR,-0.4,1
345,https://data.cooperationdatabank.org/vocab/prop/mPCR,0.1,5
346,https://data.cooperationdatabank.org/vocab/prop/mPCR,0.1875,3
347,https://data.cooperationdatabank.org/vocab/prop/mPCR,0.2,1
348,https://data.cooperationdatabank.org/vocab/prop/mPCR,0.24,7
349,https://data.cooperationdatabank.org/vocab/prop/mPCR,0.25,3
350,https://data.cooperationdatabank.org/vocab/prop/mPCR,0.285,2
351,https://data.cooperationdatabank.org/vocab/prop/mPCR,0.3,38
352,https://data.cooperationdatabank.org/vocab/prop/mPCR,0.32,5
353,https://data.cooperationdatabank.org/vocab/prop/mPCR,0.333,2
354,https://data.cooperationdatabank.org/vocab/prop/mPCR,0.375,5
355,https://data.cooperationdatabank.org/vocab/prop/mPCR,0.4,5
356,https://data.cooperationdatabank.org/vocab/prop/mPCR,0.5,7
357,https://data.cooperationdatabank.org/vocab/prop/mPCR,0.6,39
358,https://data.cooperationdatabank.org/vocab/prop/mPCR,0.75,8
359,https://data.cooperationdatabank.org/vocab/prop/mPCR,0.8,8
360,https://data.cooperationdatabank.org/vocab/prop/mPCR,0.9,21
361,https://data.cooperationdatabank.org/vocab/prop/mPCR,1.0,4
362,https://data.cooperationdatabank.org/vocab/prop/mPCR,1.11,1
363,https://data.cooperationdatabank.org/vocab/prop/mPCR,1.5,4
364,https://data.cooperationdatabank.org/vocab/prop/mPCRsymmetric,0,3
365,https://data.cooperationdatabank.org/vocab/prop/mPCRsymmetric,1,3
366,https://data.cooperationdatabank.org/vocab/prop/matching,https://data.cooperationdatabank.org/id/matching/partner,19
367,https://data.cooperationdatabank.org/vocab/prop/matching,https://data.cooperationdatabank.org/id/matching/stranger,19
368,https://data.cooperationdatabank.org/vocab/prop/minimumContributionValue,0.1,2
369,https://data.cooperationdatabank.org/vocab/prop/minimumContributionValue,0.14,2
370,https://data.cooperationdatabank.org/vocab/prop/minimumContributionValue,0.15,1
371,https://data.cooperationdatabank.org/vocab/prop/minimumContributionValue,0.2,3
372,https://data.cooperationdatabank.org/vocab/prop/minimumContributionValue,0.25,1
373,https://data.cooperationdatabank.org/vocab/prop/minimumContributionValue,0.28,2
374,https://data.cooperationdatabank.org/vocab/prop/minimumContributionValue,0.3,3
375,https://data.cooperationdatabank.org/vocab/prop/minimumContributionValue,0.35,2
376,https://data.cooperationdatabank.org/vocab/prop/minimumContributionValue,0.4,8
377,https://data.cooperationdatabank.org/vocab/prop/minimumContributionValue,0.5,3
378,https://data.cooperationdatabank.org/vocab/prop/minimumContributionValue,0.6,5
379,https://data.cooperationdatabank.org/vocab/prop/minimumContributionValue,1.0,2
380,https://data.cooperationdatabank.org/vocab/prop/monitoringCost,https://data.cooperationdatabank.org/id/monitoringcost/high,5
381,https://data.cooperationdatabank.org/vocab/prop/monitoringCost,https://data.cooperationdatabank.org/id/monitoringcost/low,2
382,https://data.cooperationdatabank.org/vocab/prop/monitoringCost,https://data.cooperationdatabank.org/id/monitoringcost/medium,5
383,https://data.cooperationdatabank.org/vocab/prop/motivationalOrientation,https://data.cooperationdatabank.org/id/motivationalorientation/competitive,23
384,https://data.cooperationdatabank.org/vocab/prop/motivationalOrientation,https://data.cooperationdatabank.org/id/motivationalorientation/cooperative,24
385,https://data.cooperationdatabank.org/vocab/prop/motivationalOrientation,https://data.cooperationdatabank.org/id/motivationalorientation/individualistic,15
386,https://data.cooperationdatabank.org/vocab/prop/nationality,AUS,1
387,https://data.cooperationdatabank.org/vocab/prop/nationality,CHN,7
388,https://data.cooperationdatabank.org/vocab/prop/nationality,COL,1
389,https://data.cooperationdatabank.org/vocab/prop/nationality,CZE,1
390,https://data.cooperationdatabank.org/vocab/prop/nationality,DEU,3
391,https://data.cooperationdatabank.org/vocab/prop/nationality,ESP,6
392,https://data.cooperationdatabank.org/vocab/prop/nationality,FIN,3
393,https://data.cooperationdatabank.org/vocab/prop/nationality,GBR,2
394,https://data.cooperationdatabank.org/vocab/prop/nationality,GHA,1
395,https://data.cooperationdatabank.org/vocab/prop/nationality,ISR,3
396,https://data.cooperationdatabank.org/vocab/prop/nationality,JPN,9
397,https://data.cooperationdatabank.org/vocab/prop/nationality,KAZ,1
398,https://data.cooperationdatabank.org/vocab/prop/nationality,MYS,1
399,https://data.cooperationdatabank.org/vocab/prop/nationality,NGA,1
400,https://data.cooperationdatabank.org/vocab/prop/nationality,NLD,9
401,https://data.cooperationdatabank.org/vocab/prop/nationality,PSE,3
402,https://data.cooperationdatabank.org/vocab/prop/nationality,RUS,1
403,https://data.cooperationdatabank.org/vocab/prop/nationality,SWE,1
404,https://data.cooperationdatabank.org/vocab/prop/nationality,USA,12
405,https://data.cooperationdatabank.org/vocab/prop/nationality,UZB,1
406,https://data.cooperationdatabank.org/vocab/prop/nationality,VNM,1
407,https://data.cooperationdatabank.org/vocab/prop/nbOfChoices,10,3
408,https://data.cooperationdatabank.org/vocab/prop/nbOfChoices,2,4
409,https://data.cooperationdatabank.org/vocab/prop/nbOfChoices,5,3
410,https://data.cooperationdatabank.org/vocab/prop/noise,0,11
411,https://data.cooperationdatabank.org/vocab/prop/noise,1,11
412,https://data.cooperationdatabank.org/vocab/prop/numberOfDecisionMakers,1,2
413,https://data.cooperationdatabank.org/vocab/prop/numberOfDecisionMakers,10,3
414,https://data.cooperationdatabank.org/vocab/prop/numberOfDecisionMakers,100,2
415,https://data.cooperationdatabank.org/vocab/prop/numberOfDecisionMakers,101,7
416,https://data.cooperationdatabank.org/vocab/prop/numberOfDecisionMakers,11,1
417,https://data.cooperationdatabank.org/vocab/prop/numberOfDecisionMakers,12,3
418,https://data.cooperationdatabank.org/vocab/prop/numberOfDecisionMakers,15,12
419,https://data.cooperationdatabank.org/vocab/prop/numberOfDecisionMakers,2,31
420,https://data.cooperationdatabank.org/vocab/prop/numberOfDecisionMakers,21,7
421,https://data.cooperationdatabank.org/vocab/prop/numberOfDecisionMakers,24,2
422,https://data.cooperationdatabank.org/vocab/prop/numberOfDecisionMakers,28,1
423,https://data.cooperationdatabank.org/vocab/prop/numberOfDecisionMakers,3,31
424,https://data.cooperationdatabank.org/vocab/prop/numberOfDecisionMakers,4,23
425,https://data.cooperationdatabank.org/vocab/prop/numberOfDecisionMakers,40,3
426,https://data.cooperationdatabank.org/vocab/prop/numberOfDecisionMakers,5,37
427,https://data.cooperationdatabank.org/vocab/prop/numberOfDecisionMakers,51,7
428,https://data.cooperationdatabank.org/vocab/prop/numberOfDecisionMakers,6,14
429,https://data.cooperationdatabank.org/vocab/prop/numberOfDecisionMakers,7,25
430,https://data.cooperationdatabank.org/vocab/prop/numberOfDecisionMakers,8,9
431,https://data.cooperationdatabank.org/vocab/prop/numberOfDecisionMakers,80,1
432,https://data.cooperationdatabank.org/vocab/prop/numberOfDecisionMakers,9,7
433,https://data.cooperationdatabank.org/vocab/prop/oneShotStrategyValue,0.0,19
434,https://data.cooperationdatabank.org/vocab/prop/oneShotStrategyValue,0.25,4
435,https://data.cooperationdatabank.org/vocab/prop/oneShotStrategyValue,0.33,1
436,https://data.cooperationdatabank.org/vocab/prop/oneShotStrategyValue,0.4,2
437,https://data.cooperationdatabank.org/vocab/prop/oneShotStrategyValue,0.5,6
438,https://data.cooperationdatabank.org/vocab/prop/oneShotStrategyValue,0.6,2
439,https://data.cooperationdatabank.org/vocab/prop/oneShotStrategyValue,0.75,4
440,https://data.cooperationdatabank.org/vocab/prop/oneShotStrategyValue,0.8,2
441,https://data.cooperationdatabank.org/vocab/prop/oneShotStrategyValue,1.0,18
442,https://data.cooperationdatabank.org/vocab/prop/ostracism,0,21
443,https://data.cooperationdatabank.org/vocab/prop/ostracism,1,21
444,https://data.cooperationdatabank.org/vocab/prop/otherGameType,Decomposed Prisoner's Dilemma,3
445,https://data.cooperationdatabank.org/vocab/prop/otherGameType,Expanded Decomposed Prisoner's Dilemma,3
446,https://data.cooperationdatabank.org/vocab/prop/otherGameType,Fear only,2
447,https://data.cooperationdatabank.org/vocab/prop/otherGameType,Give-some Game Decomposed PD,2
448,https://data.cooperationdatabank.org/vocab/prop/otherGameType,Greed only,2
449,https://data.cooperationdatabank.org/vocab/prop/otherGameType,Take-some game Decomposed PD,2
450,https://data.cooperationdatabank.org/vocab/prop/othersBehaviorLevel,https://data.cooperationdatabank.org/id/othersbehaviorlevel/high,1
451,https://data.cooperationdatabank.org/vocab/prop/othersBehaviorLevel,https://data.cooperationdatabank.org/id/othersbehaviorlevel/low,1
452,https://data.cooperationdatabank.org/vocab/prop/ownBehaviorLevel,https://data.cooperationdatabank.org/id/ownbehaviorlevel/high,6
453,https://data.cooperationdatabank.org/vocab/prop/ownBehaviorLevel,https://data.cooperationdatabank.org/id/ownbehaviorlevel/low,6
454,https://data.cooperationdatabank.org/vocab/prop/partnerChoice,https://data.cooperationdatabank.org/id/partnerchoice/endogenous,3
455,https://data.cooperationdatabank.org/vocab/prop/partnerChoice,https://data.cooperationdatabank.org/id/partnerchoice/exogenous,3
456,https://data.cooperationdatabank.org/vocab/prop/partnerEmotion,https://data.cooperationdatabank.org/id/partneremotion/anger,4
457,https://data.cooperationdatabank.org/vocab/prop/partnerEmotion,https://data.cooperationdatabank.org/id/partneremotion/guilt,1
458,https://data.cooperationdatabank.org/vocab/prop/partnerEmotion,https://data.cooperationdatabank.org/id/partneremotion/happiness,2
459,https://data.cooperationdatabank.org/vocab/prop/partnerEmotion,https://data.cooperationdatabank.org/id/partneremotion/neutral,3
460,https://data.cooperationdatabank.org/vocab/prop/partnerPerception,https://data.cooperationdatabank.org/id/partnerperception/attractive,2
461,https://data.cooperationdatabank.org/vocab/prop/partnerPerception,https://data.cooperationdatabank.org/id/partnerperception/proself/untrustworthy,1
462,https://data.cooperationdatabank.org/vocab/prop/partnerPerception,https://data.cooperationdatabank.org/id/partnerperception/prosocial/trustworthy,1
463,https://data.cooperationdatabank.org/vocab/prop/partnerPerception,https://data.cooperationdatabank.org/id/partnerperception/unattractive,2
464,https://data.cooperationdatabank.org/vocab/prop/partnerPerceptionLevel,https://data.cooperationdatabank.org/id/partnerperceptionlevel/control,8
465,https://data.cooperationdatabank.org/vocab/prop/partnerPerceptionLevel,https://data.cooperationdatabank.org/id/partnerperceptionlevel/high,11
466,https://data.cooperationdatabank.org/vocab/prop/partnerPerceptionLevel,https://data.cooperationdatabank.org/id/partnerperceptionlevel/low,13
467,https://data.cooperationdatabank.org/vocab/prop/partnerSelection,https://data.cooperationdatabank.org/id/partnerselection/absent,5
468,https://data.cooperationdatabank.org/vocab/prop/partnerSelection,https://data.cooperationdatabank.org/id/partnerselection/present,5
469,https://data.cooperationdatabank.org/vocab/prop/partnerType,https://data.cooperationdatabank.org/id/partnertype/computer,25
470,https://data.cooperationdatabank.org/vocab/prop/partnerType,https://data.cooperationdatabank.org/id/partnertype/experimenter,1
471,https://data.cooperationdatabank.org/vocab/prop/partnerType,https://data.cooperationdatabank.org/id/partnertype/other,2
472,https://data.cooperationdatabank.org/vocab/prop/partnerType,https://data.cooperationdatabank.org/id/partnertype/peer,6
473,https://data.cooperationdatabank.org/vocab/prop/partnerType,https://data.cooperationdatabank.org/id/partnertype/stranger,23
474,https://data.cooperationdatabank.org/vocab/prop/partnerType,https://data.cooperationdatabank.org/id/partnertype/unspecified,1
475,https://data.cooperationdatabank.org/vocab/prop/partnersGenderKnownInGame,0,10
476,https://data.cooperationdatabank.org/vocab/prop/partnersGenderKnownInGame,1,10
477,https://data.cooperationdatabank.org/vocab/prop/physicalProximity,https://data.cooperationdatabank.org/id/physicalproximity/high,3
478,https://data.cooperationdatabank.org/vocab/prop/physicalProximity,https://data.cooperationdatabank.org/id/physicalproximity/low,3
479,https://data.cooperationdatabank.org/vocab/prop/positionEndogenous,0,8
480,https://data.cooperationdatabank.org/vocab/prop/positionEndogenous,1,8
481,https://data.cooperationdatabank.org/vocab/prop/positionInGame,1,15
482,https://data.cooperationdatabank.org/vocab/prop/positionInGame,2,15
483,https://data.cooperationdatabank.org/vocab/prop/positionInGame,3,4
484,https://data.cooperationdatabank.org/vocab/prop/powerLevel,https://data.cooperationdatabank.org/id/powerlevel/control,5
485,https://data.cooperationdatabank.org/vocab/prop/powerLevel,https://data.cooperationdatabank.org/id/powerlevel/high,36
486,https://data.cooperationdatabank.org/vocab/prop/powerLevel,https://data.cooperationdatabank.org/id/powerlevel/low,36
487,https://data.cooperationdatabank.org/vocab/prop/preferenceConditionalCooperation,https://data.cooperationdatabank.org/id/preferenceconditionalcooperation/conditional_cooperators,6
488,https://data.cooperationdatabank.org/vocab/prop/preferenceConditionalCooperation,https://data.cooperationdatabank.org/id/preferenceconditionalcooperation/freeriders,6
489,https://data.cooperationdatabank.org/vocab/prop/preferenceConditionalCooperation,https://data.cooperationdatabank.org/id/preferenceconditionalcooperation/hump-shaped_contributors,3
490,https://data.cooperationdatabank.org/vocab/prop/preferenceConditionalCooperation,https://data.cooperationdatabank.org/id/preferenceconditionalcooperation/others,3
491,https://data.cooperationdatabank.org/vocab/prop/primingConcept,https://data.cooperationdatabank.org/id/primingconcept/competition,14
492,https://data.cooperationdatabank.org/vocab/prop/primingConcept,https://data.cooperationdatabank.org/id/primingconcept/cooperation,15
493,https://data.cooperationdatabank.org/vocab/prop/primingConcept,https://data.cooperationdatabank.org/id/primingconcept/neutral,28
494,https://data.cooperationdatabank.org/vocab/prop/primingConcept,https://data.cooperationdatabank.org/id/primingconcept/other,15
495,https://data.cooperationdatabank.org/vocab/prop/primingConcept,https://data.cooperationdatabank.org/id/primingconcept/religion,6
496,https://data.cooperationdatabank.org/vocab/prop/privateAccountReturn,1.0,10
497,https://data.cooperationdatabank.org/vocab/prop/privateAccountReturn,12.0,2
498,https://data.cooperationdatabank.org/vocab/prop/privateAccountReturn,2.0,10
499,https://data.cooperationdatabank.org/vocab/prop/privateAccountReturn,6.0,2
500,https://data.cooperationdatabank.org/vocab/prop/psychopathology,https://data.cooperationdatabank.org/id/psychopathology/autism_spectrum_disorders,3
501,https://data.cooperationdatabank.org/vocab/prop/psychopathology,https://data.cooperationdatabank.org/id/psychopathology/bipolar,2
502,https://data.cooperationdatabank.org/vocab/prop/psychopathology,https://data.cooperationdatabank.org/id/psychopathology/borderline,2
503,https://data.cooperationdatabank.org/vocab/prop/psychopathology,https://data.cooperationdatabank.org/id/psychopathology/control,10
504,https://data.cooperationdatabank.org/vocab/prop/psychopathology,https://data.cooperationdatabank.org/id/psychopathology/depression,2
505,https://data.cooperationdatabank.org/vocab/prop/psychopathology,https://data.cooperationdatabank.org/id/psychopathology/non-suicidal_self-injury,2
506,https://data.cooperationdatabank.org/vocab/prop/psychopathology,https://data.cooperationdatabank.org/id/psychopathology/schizophrenia,1
507,https://data.cooperationdatabank.org/vocab/prop/psychopathology,https://data.cooperationdatabank.org/id/psychopathology/suicide_attempt,2
508,https://data.cooperationdatabank.org/vocab/prop/publicGoodBadFrame,https://data.cooperationdatabank.org/id/publicgoodbadframe/public_bad,4
509,https://data.cooperationdatabank.org/vocab/prop/publicGoodBadFrame,https://data.cooperationdatabank.org/id/publicgoodbadframe/public_good,4
510,https://data.cooperationdatabank.org/vocab/prop/punishmentAgent,https://data.cooperationdatabank.org/id/punishmentagent/institution,2
511,https://data.cooperationdatabank.org/vocab/prop/punishmentAgent,https://data.cooperationdatabank.org/id/punishmentagent/leader,2
512,https://data.cooperationdatabank.org/vocab/prop/punishmentAgent,https://data.cooperationdatabank.org/id/punishmentagent/network,6
513,https://data.cooperationdatabank.org/vocab/prop/punishmentAgent,https://data.cooperationdatabank.org/id/punishmentagent/other,8
514,https://data.cooperationdatabank.org/vocab/prop/punishmentAgent,https://data.cooperationdatabank.org/id/punishmentagent/peer,16
515,https://data.cooperationdatabank.org/vocab/prop/punishmentEffectiveness,0.0,3
516,https://data.cooperationdatabank.org/vocab/prop/punishmentEffectiveness,0.3,1
517,https://data.cooperationdatabank.org/vocab/prop/punishmentEffectiveness,0.33,7
518,https://data.cooperationdatabank.org/vocab/prop/punishmentEffectiveness,0.4,1
519,https://data.cooperationdatabank.org/vocab/prop/punishmentEffectiveness,0.5,11
520,https://data.cooperationdatabank.org/vocab/prop/punishmentEffectiveness,1.0,6
521,https://data.cooperationdatabank.org/vocab/prop/punishmentIncentive,https://data.cooperationdatabank.org/id/punishmentincentive/hypothetical,1
522,https://data.cooperationdatabank.org/vocab/prop/punishmentIncentive,https://data.cooperationdatabank.org/id/punishmentincentive/monetary,8
523,https://data.cooperationdatabank.org/vocab/prop/punishmentIncentive,https://data.cooperationdatabank.org/id/punishmentincentive/non-monetary_material,2
524,https://data.cooperationdatabank.org/vocab/prop/punishmentIncentive,https://data.cooperationdatabank.org/id/punishmentincentive/non-monetary_social,11
525,https://data.cooperationdatabank.org/vocab/prop/punishmentIterations,1,12
526,https://data.cooperationdatabank.org/vocab/prop/punishmentIterations,2,13
527,https://data.cooperationdatabank.org/vocab/prop/punishmentIterations,34,1
528,https://data.cooperationdatabank.org/vocab/prop/punishmentIterations,5,4
529,https://data.cooperationdatabank.org/vocab/prop/punishmentProbability,0.0,2
530,https://data.cooperationdatabank.org/vocab/prop/punishmentProbability,0.06,6
531,https://data.cooperationdatabank.org/vocab/prop/punishmentProbability,0.1,10
532,https://data.cooperationdatabank.org/vocab/prop/punishmentProbability,0.14,10
533,https://data.cooperationdatabank.org/vocab/prop/punishmentProbability,0.2,2
534,https://data.cooperationdatabank.org/vocab/prop/punishmentProbability,0.25,2
535,https://data.cooperationdatabank.org/vocab/prop/punishmentProbability,0.38,6
536,https://data.cooperationdatabank.org/vocab/prop/punishmentProbability,0.4,1
537,https://data.cooperationdatabank.org/vocab/prop/punishmentProbability,0.44,10
538,https://data.cooperationdatabank.org/vocab/prop/punishmentProbability,0.5,5
539,https://data.cooperationdatabank.org/vocab/prop/punishmentProbability,0.6,1
540,https://data.cooperationdatabank.org/vocab/prop/punishmentProbability,0.8,1
541,https://data.cooperationdatabank.org/vocab/prop/punishmentProbability,0.9,4
542,https://data.cooperationdatabank.org/vocab/prop/punishmentProbability,1.0,4
543,https://data.cooperationdatabank.org/vocab/prop/punishmentRule,https://data.cooperationdatabank.org/id/punishmentrule/contribution-based,1
544,https://data.cooperationdatabank.org/vocab/prop/punishmentRule,https://data.cooperationdatabank.org/id/punishmentrule/rank-based,1
545,https://data.cooperationdatabank.org/vocab/prop/punishmentSequential,https://data.cooperationdatabank.org/id/punishmentsequential/sequential_leadership-by-example,1
546,https://data.cooperationdatabank.org/vocab/prop/punishmentSequential,https://data.cooperationdatabank.org/id/punishmentsequential/sequential_turn-taking,5
547,https://data.cooperationdatabank.org/vocab/prop/punishmentSequential,https://data.cooperationdatabank.org/id/punishmentsequential/simultaneous,6
548,https://data.cooperationdatabank.org/vocab/prop/punishmentTreatment,https://data.cooperationdatabank.org/id/punishmenttreatment/-1,221
549,https://data.cooperationdatabank.org/vocab/prop/punishmentTreatment,https://data.cooperationdatabank.org/id/punishmenttreatment/0,99
550,https://data.cooperationdatabank.org/vocab/prop/punishmentTreatment,https://data.cooperationdatabank.org/id/punishmenttreatment/1,249
551,https://data.cooperationdatabank.org/vocab/prop/rebateorRefund,https://data.cooperationdatabank.org/id/rebateorrefund/absent,8
552,https://data.cooperationdatabank.org/vocab/prop/rebateorRefund,https://data.cooperationdatabank.org/id/rebateorrefund/full_refund,6
553,https://data.cooperationdatabank.org/vocab/prop/rebateorRefund,https://data.cooperationdatabank.org/id/rebateorrefund/partial_rebate,2
554,https://data.cooperationdatabank.org/vocab/prop/relationshipWithFocalAgent,https://data.cooperationdatabank.org/id/relationshipwithfocalagent/acquaintance,10
555,https://data.cooperationdatabank.org/vocab/prop/relationshipWithFocalAgent,https://data.cooperationdatabank.org/id/relationshipwithfocalagent/friend,7
556,https://data.cooperationdatabank.org/vocab/prop/relationshipWithFocalAgent,https://data.cooperationdatabank.org/id/relationshipwithfocalagent/stranger,13
557,https://data.cooperationdatabank.org/vocab/prop/religiousLevel,https://data.cooperationdatabank.org/id/religiouslevel/high,3
558,https://data.cooperationdatabank.org/vocab/prop/religiousLevel,https://data.cooperationdatabank.org/id/religiouslevel/low,3
559,https://data.cooperationdatabank.org/vocab/prop/restricted,0,7
560,https://data.cooperationdatabank.org/vocab/prop/restricted,1,7
561,https://data.cooperationdatabank.org/vocab/prop/rewardAgent,https://data.cooperationdatabank.org/id/rewardagent/experimenter,1
562,https://data.cooperationdatabank.org/vocab/prop/rewardAgent,https://data.cooperationdatabank.org/id/rewardagent/peer,1
563,https://data.cooperationdatabank.org/vocab/prop/rewardEffectiveness,0.5,1
564,https://data.cooperationdatabank.org/vocab/prop/rewardEffectiveness,1.0,1
565,https://data.cooperationdatabank.org/vocab/prop/rewardIncentive,https://data.cooperationdatabank.org/id/rewardincentive/hypothetical,1
566,https://data.cooperationdatabank.org/vocab/prop/rewardIncentive,https://data.cooperationdatabank.org/id/rewardincentive/non-monetary_social,1
567,https://data.cooperationdatabank.org/vocab/prop/rewardProbability,0.1,1
568,https://data.cooperationdatabank.org/vocab/prop/rewardProbability,0.5,1
569,https://data.cooperationdatabank.org/vocab/prop/rewardProbability,0.9,1
570,https://data.cooperationdatabank.org/vocab/prop/rewardProbability,1.0,1
571,https://data.cooperationdatabank.org/vocab/prop/rewardRule,https://data.cooperationdatabank.org/id/rewardrule/contribution-based,6
572,https://data.cooperationdatabank.org/vocab/prop/rewardRule,https://data.cooperationdatabank.org/id/rewardrule/rank-based,6
573,https://data.cooperationdatabank.org/vocab/prop/rewardTreatment,https://data.cooperationdatabank.org/id/rewardtreatment/-1,69
574,https://data.cooperationdatabank.org/vocab/prop/rewardTreatment,https://data.cooperationdatabank.org/id/rewardtreatment/0,66
575,https://data.cooperationdatabank.org/vocab/prop/rewardTreatment,https://data.cooperationdatabank.org/id/rewardtreatment/1,84
576,https://data.cooperationdatabank.org/vocab/prop/sVOType,https://data.cooperationdatabank.org/id/svotype/altruist,9
577,https://data.cooperationdatabank.org/vocab/prop/sVOType,https://data.cooperationdatabank.org/id/svotype/competitor,37
578,https://data.cooperationdatabank.org/vocab/prop/sVOType,https://data.cooperationdatabank.org/id/svotype/individualist,47
579,https://data.cooperationdatabank.org/vocab/prop/sVOType,https://data.cooperationdatabank.org/id/svotype/proself,53
580,https://data.cooperationdatabank.org/vocab/prop/sVOType,https://data.cooperationdatabank.org/id/svotype/prosocial,98
581,https://data.cooperationdatabank.org/vocab/prop/sVOType,https://data.cooperationdatabank.org/id/svotype/unclassified,4
582,https://data.cooperationdatabank.org/vocab/prop/sequentiality,https://data.cooperationdatabank.org/id/sequentiality/sequential_turn-taking,57
583,https://data.cooperationdatabank.org/vocab/prop/sequentiality,https://data.cooperationdatabank.org/id/sequentiality/simultaneous,57
584,https://data.cooperationdatabank.org/vocab/prop/shadowoftheFuture,0,11
585,https://data.cooperationdatabank.org/vocab/prop/shadowoftheFuture,1,11
586,https://data.cooperationdatabank.org/vocab/prop/showUpFee,0,17
587,https://data.cooperationdatabank.org/vocab/prop/showUpFee,1,17
588,https://data.cooperationdatabank.org/vocab/prop/similarityLevel,https://data.cooperationdatabank.org/id/similaritylevel/high,7
589,https://data.cooperationdatabank.org/vocab/prop/similarityLevel,https://data.cooperationdatabank.org/id/similaritylevel/low,7
590,https://data.cooperationdatabank.org/vocab/prop/society,Khasi,2
591,https://data.cooperationdatabank.org/vocab/prop/society,Other,2
592,https://data.cooperationdatabank.org/vocab/prop/stateTrustLevel,https://data.cooperationdatabank.org/id/statetrustlevel/high,3
593,https://data.cooperationdatabank.org/vocab/prop/stateTrustLevel,https://data.cooperationdatabank.org/id/statetrustlevel/low,2
594,https://data.cooperationdatabank.org/vocab/prop/stateTrustLevel,https://data.cooperationdatabank.org/id/statetrustlevel/medium,3
595,https://data.cooperationdatabank.org/vocab/prop/stepReturn,0.5,3
596,https://data.cooperationdatabank.org/vocab/prop/stepReturn,1.2,1
597,https://data.cooperationdatabank.org/vocab/prop/stepReturn,2.0,1
598,https://data.cooperationdatabank.org/vocab/prop/stepReturn,2.15,3
599,https://data.cooperationdatabank.org/vocab/prop/stepReturn,3.0,3
600,https://data.cooperationdatabank.org/vocab/prop/stepReturn,4.25,3
601,https://data.cooperationdatabank.org/vocab/prop/student,0,32
602,https://data.cooperationdatabank.org/vocab/prop/student,1,32
603,https://data.cooperationdatabank.org/vocab/prop/symmetric,0,55
604,https://data.cooperationdatabank.org/vocab/prop/symmetric,1,55
605,https://data.cooperationdatabank.org/vocab/prop/symmetryTarget,https://data.cooperationdatabank.org/id/symmetrytarget/lottery_prize,3
606,https://data.cooperationdatabank.org/vocab/prop/symmetryTarget,https://data.cooperationdatabank.org/id/symmetrytarget/mpcr,3
607,https://data.cooperationdatabank.org/vocab/prop/synchrony,0,5
608,https://data.cooperationdatabank.org/vocab/prop/synchrony,1,5
609,https://data.cooperationdatabank.org/vocab/prop/targetMembership,https://data.cooperationdatabank.org/id/targetmembership/ingroup,115
610,https://data.cooperationdatabank.org/vocab/prop/targetMembership,https://data.cooperationdatabank.org/id/targetmembership/ingroup_and_outgroup,15
611,https://data.cooperationdatabank.org/vocab/prop/targetMembership,https://data.cooperationdatabank.org/id/targetmembership/outgroup,61
612,https://data.cooperationdatabank.org/vocab/prop/targetMembership,https://data.cooperationdatabank.org/id/targetmembership/stranger,81
613,https://data.cooperationdatabank.org/vocab/prop/threshold,1,2
614,https://data.cooperationdatabank.org/vocab/prop/threshold,10,4
615,https://data.cooperationdatabank.org/vocab/prop/threshold,100,4
616,https://data.cooperationdatabank.org/vocab/prop/threshold,120,2
617,https://data.cooperationdatabank.org/vocab/prop/threshold,125,4
618,https://data.cooperationdatabank.org/vocab/prop/threshold,135,4
619,https://data.cooperationdatabank.org/vocab/prop/threshold,140,4
620,https://data.cooperationdatabank.org/vocab/prop/threshold,145,4
621,https://data.cooperationdatabank.org/vocab/prop/threshold,15,6
622,https://data.cooperationdatabank.org/vocab/prop/threshold,150,4
623,https://data.cooperationdatabank.org/vocab/prop/threshold,155,4
624,https://data.cooperationdatabank.org/vocab/prop/threshold,160,4
625,https://data.cooperationdatabank.org/vocab/prop/threshold,165,4
626,https://data.cooperationdatabank.org/vocab/prop/threshold,2,2
627,https://data.cooperationdatabank.org/vocab/prop/threshold,20,4
628,https://data.cooperationdatabank.org/vocab/prop/threshold,200,4
629,https://data.cooperationdatabank.org/vocab/prop/threshold,210,1
630,https://data.cooperationdatabank.org/vocab/prop/threshold,220,2
631,https://data.cooperationdatabank.org/vocab/prop/threshold,250,3
632,https://data.cooperationdatabank.org/vocab/prop/threshold,3,2
633,https://data.cooperationdatabank.org/vocab/prop/threshold,30,2
634,https://data.cooperationdatabank.org/vocab/prop/threshold,420,1
635,https://data.cooperationdatabank.org/vocab/prop/threshold,50,3
636,https://data.cooperationdatabank.org/vocab/prop/threshold,60,2
637,https://data.cooperationdatabank.org/vocab/prop/timePressure,https://data.cooperationdatabank.org/id/timepressure/control,3
638,https://data.cooperationdatabank.org/vocab/prop/timePressure,https://data.cooperationdatabank.org/id/timepressure/time_delay,35
639,https://data.cooperationdatabank.org/vocab/prop/timePressure,https://data.cooperationdatabank.org/id/timepressure/time_pressure,36
640,https://data.cooperationdatabank.org/vocab/prop/trialOfCooperation,1,6
641,https://data.cooperationdatabank.org/vocab/prop/trialOfCooperation,2,6
642,https://data.cooperationdatabank.org/vocab/prop/trialOfCooperation,3,4
643,https://data.cooperationdatabank.org/vocab/prop/trialOfCooperationOrdinal,https://data.cooperationdatabank.org/id/trialofcooperationordinal/first,31
644,https://data.cooperationdatabank.org/vocab/prop/trialOfCooperationOrdinal,https://data.cooperationdatabank.org/id/trialofcooperationordinal/last,31
645,https://data.cooperationdatabank.org/vocab/prop/uncertaintyLevel,https://data.cooperationdatabank.org/id/uncertaintylevel/high,38
646,https://data.cooperationdatabank.org/vocab/prop/uncertaintyLevel,https://data.cooperationdatabank.org/id/uncertaintylevel/low,40
647,https://data.cooperationdatabank.org/vocab/prop/uncertaintyLevel,https://data.cooperationdatabank.org/id/uncertaintylevel/medium,6
648,https://data.cooperationdatabank.org/vocab/prop/uncertaintyTarget,https://data.cooperationdatabank.org/id/uncertaintytarget/loss,1
649,https://data.cooperationdatabank.org/vocab/prop/uncertaintyTarget,https://data.cooperationdatabank.org/id/uncertaintytarget/threshold,1
650,https://data.cooperationdatabank.org/vocab/prop/upperChoiceRange,10,3
651,https://data.cooperationdatabank.org/vocab/prop/upperChoiceRange,2,4
652,https://data.cooperationdatabank.org/vocab/prop/upperChoiceRange,5,3
